Aspire (670),Scores (100),SUPLEMENTARY 1 (44),SUPLEMENTARY GEMARA (185),TableS2 (304)
PA0004 gyrB,PA0004 gyrB ,PA0004 gyrB,PA0004 gyrB,PA0004 gyrB 
PA0005  lptA,PA0424 mexR,PA0424 mexR,PA0424 mexR,PA0424 mexR
PA0424 mexR,PA0425 mexA,PA0425 mexA,PA0425 mexA,PA0425 mexA
PA0425 mexA,PA0426 mexB,PA0426 mexB,PA0426 mexB,PA0426 mexB
PA0426 mexB,PA0427 oprM,PA0427 oprM,PA0427 oprM,PA0427 oprM
PA0427 oprM,PA0807  ampDh3,PA0807 ampDh3,PA0807 ampDh3,PA0807  ampDh3
PA0807 ampDh3,PA0869 pbpG (PBP7),PA0869 pbpG,PA0869 pbpG (PBP6/7),PA0958 oprD
PA0869 pbpG (PBP7),PA0958 oprD,PA0958 oprD,PA0958 oprD,oprD           REF. strain
PA0958 oprD,PA1179    phoP,PA1179 phoP,oprD Reference Strain,PA1798  parS
REF OprD,PA1180 phoQ,PA1180 phoQ,PA1179 phoP,PA1799 parR
PA1179 phoP,PA1798  parS,PA1777 oprF,PA1180 phoQ,PA2018mexY
PA1180 phoQ,PA1799 parR,PA1798 parS,PA1777 oprF,PA2019mexX
PA1777 oprF,PA2018mexY,PA1799 parR,PA1798 parS,PA2020 mexZ
PA1798 parS,PA2019mexX,PA2018  mexY,PA1799 parR,PA2023 galU
PA1799 parR,PA2020 mexZ,PA2019 mexX,PA2018 mexY,PA2491 mexS
PA2018  mexY,PA2023 galU,PA2020 mexZ,PA2019 mexX,PA2492 mexT
PA2019 mexX,PA2272 pbpC (PBP3a),PA2491 mexS,PA2020 mexZ,PA2493 mexE
PA2020 mexZ,PA2491 mexS,PA2492 mexT,PA2272 pbpC (PBP3a),PA2494 mexF
PA2023 galU ,PA2492 mexT,PA3047 dacB,PA2491 mexS,PA2495 oprN
PA2272 pbpC (PBP3a),PA2493 mexE,PA3168 gyrA,PA2492 mexT,PA3047 dacB (PBP4)
PA2491 mexS,PA2494 mexF,PA3574 nalD,PA3047 dacB (PBP4),PA3168 gyrA
PA2492 mexT,PA2495 oprN,PA3721 nalC,PA3168 gyrA,PA3574 nalD
PA2493 mexE,PA3047 dacB,PA3999 dacC,PA3574 nalD,PA3721 nalC
PA2494 mexF,PA3168 gyrA,PA4109 ampR,PA3721 nalC,PA3999 dacC (PBP5)
PA2495 oprN,PA3574 nalD,PA4110 ampC,PA3999 dacC (PBP5),PA4003 pbpA (PBP2)
PA3047 dacB (PBP4),PA3721 nalC,PA4418 ftsI,PA4003 pbpA (PBP2),PA4020 mpl
PA3168 gyrA,PA3999 dacC,PA4522 ampD,PA4020 mpl,PA4109 ampR
PA3574 nalD,PA4003 pbpA,PA4600 nfxB,PA4109 ampR,PA4110 ampC
PA3721 nalC,PA4020 mpl,PA4776 pmrA,PA4110 ampC,PA4266 fusA1
PA3999 dacC (PBP5),PA4109 ampR,PA4777 pmrB,PA4266 fusA1,PA4418 ftsI   (PBP3)
PA4003 pbpA (PBP2),PA4110 ampC,PA4964 parC,PA4418 ftsI (PBP3),PA4522 ampD
PA4020 mpl,PA4266 fusA1,PA4967 parE,PA4522 ampD,PA4597 oprJ
PA4109 ampR,PA4418 ftsI   (PBP3),PA5045 ponA/ mrcA,PA4600 nfxB,PA4598 mexD
PA4110 ampC,PA4522 ampD,PA5235 glpT,PA4700 mrcB (PBP1b),PA4599 mexC
PA4266 fusA1,PA4597 oprJ,PA5471 armZ,PA4776 pmrA,PA4600 nfxB
PA4418 ftsl  (PBP3),PA4598 mexD,PA 5485 ampDh2,PA4777 pmrB,PA4776 pmrA
PA4522 ampD,PA4599 mexC,PBP2  PA4003,PA4964 parC,PA4777 pmrB
PA4597 oprJ,PA4600 nfxB,PBP1b PA4700,PA4967 parE,PA4964 parC
PA4598 mexD,PA4700 mrcB (PBP1b),galU PA2023,PA5045 ponA/ mrcA (PBP1a),PA4967 parE
PA4599 mexC,PA4776 pmrA,fusA1 PA4266,PA5235 glpT,PA5471 armZ
PA4600 nfxB,PA4777 pmrB,,PA5471 armZ,PA5485 ampDh2
PA4700 mrcB (PBP1b),PA4964 parC,,PA5485 ampDh2,
PA4776 pmrA,PA4967 parE,,,
PA4777 pmrB,PA5045 ponA (PBP1A),,,
PA4964 parC,PA5235 glpT,,,
PA4967 parE,PA5471 armZ,,,
PA5045 ponA/ mrcA (PBP1a),PA5485 ampDh2,,,
PA5235 glpT,PA5513 poxA,,,
PA5471 armZ,PA5514,,,
PA5485 ampDh2,PA5542 PIB-1,,,
PA5513 poxA,,,,
PA5514,,,,
PA5542 PIB-1,,,,
PA0355 pfpl,,,,
PA0357 mutY,,,,
PA0750 ung,,,,
PA1816 dnaQ,,,,
PA3002 mfd,,,,
PA3620 mutS,,,,
PA4366 sodB,,,,
PA4400 mutT,,,,
PA4468 sodM,,,,
PA4609 radA,,,,
PA4946 mutL,,,,
PA5147 mutM,,,,
PA5344 oxyR,,,,
PA5443 uvrD,,,,
PA5493 polA,,,,
